hidden_size,learning_rate,num_layers,test_accuracy,epoch_losses,epoch_accuracies,epoch_precisions
128,0.01,2,65.21739130434783,"[1.5464374621709187, 1.371038019657135, 1.2272145350774128, 0.9762246410051981, 0.8532089491685232, 1.2116638918717701, 1.1318077743053436, 1.0487868587176006, 0.7850684324900309, 1.0233128070831299, 1.0447276135285695, 0.9398981928825378, 0.7801369031270345, 0.6548504879077276, 0.8108563075462977, 0.8764083484808604, 0.7550126413504282, 0.7062873343626658, 0.6192722866932551, 0.6947645346323649]","[33.70165745856354, 50.27624309392265, 51.38121546961326, 61.32596685082873, 64.08839779005525, 59.668508287292816, 60.22099447513812, 68.50828729281768, 72.92817679558011, 60.22099447513812, 55.80110497237569, 59.668508287292816, 72.37569060773481, 72.92817679558011, 69.61325966850829, 65.19337016574586, 65.19337016574586, 72.37569060773481, 75.69060773480663, 72.37569060773481]","[0.3731884057971015, 0.31807780320366136, 0.44068322981366453, 0.6305542283803153, 0.6605848861283644, 0.6914251207729469, 0.7648378191856453, 0.8055830039525691, 0.7780320366132724, 0.4945652173913043, 0.527432712215321, 0.5883067782878747, 0.846947738252086, 0.7507246376811594, 0.638768115942029, 0.6493271221532091, 0.6337792642140468, 0.7472889429411168, 0.7083850931677019, 0.661371237458194]"
128,0.01,3,58.69565217391305,"[1.650272250175476, 1.514645516872406, 1.5143209099769592, 1.457781235376994, 1.275887668132782, 1.1320874293645222, 1.1488737265268962, 1.0575830737749736, 0.9146638413270315, 0.9679134587446848, 0.9795765082041422, 0.984912117322286, 0.7826346158981323, 0.8211431602636973, 0.8696626325448354, 0.7619535426298777, 0.8087506790955862, 0.701798657576243, 0.8931288768847784, 1.0462022125720978]","[20.441988950276244, 38.12154696132597, 40.331491712707184, 35.91160220994475, 56.353591160220994, 56.353591160220994, 64.08839779005525, 60.773480662983424, 61.32596685082873, 60.22099447513812, 54.69613259668508, 61.87845303867403, 68.50828729281768, 64.64088397790056, 62.98342541436464, 74.03314917127072, 69.06077348066299, 75.69060773480663, 70.1657458563536, 50.828729281767956]","[0.18350383631713554, 0.1884881422924901, 0.17263427109974425, 0.43816425120772956, 0.477238944630249, 0.5809364548494983, 0.5169792554703041, 0.5408385093167702, 0.6779980107985224, 0.6480635732553892, 0.747840022296544, 0.6779891304347826, 0.7080745341614907, 0.7992753623188406, 0.5023763421932759, 0.7315217391304347, 0.7918478260869565, 0.6288819875776398, 0.7529644268774704, 0.7663043478260869]"
128,0.001,2,80.43478260869566,"[1.5843527913093567, 1.4416902661323547, 1.1258416374524434, 0.8595213095347086, 0.7815756301085154, 0.7451718846956888, 0.8015081882476807, 0.8861334870258967, 0.8988547424475352, 0.7038105229536692, 0.568374236424764, 0.5022223740816116, 0.431177814801534, 0.44859057664871216, 0.6437981476386389, 0.5643932123978933, 0.48038264115651447, 0.45117848614851636, 0.5512621998786926, 0.43339648346106213]","[34.25414364640884, 56.353591160220994, 59.668508287292816, 65.74585635359117, 71.2707182320442, 71.8232044198895, 71.2707182320442, 67.95580110497238, 71.2707182320442, 77.34806629834254, 80.66298342541437, 81.21546961325967, 86.74033149171271, 83.97790055248619, 79.00552486187846, 78.45303867403315, 83.97790055248619, 84.5303867403315, 81.76795580110497, 85.0828729281768]","[0.3555900621118013, 0.5795031055900621, 0.5584541062801932, 0.768478260869565, 0.7518115942028984, 0.8244565217391304, 0.8328502415458937, 0.7321374277896018, 0.7503176171654431, 0.8347135955831607, 0.7791898922333705, 0.811013563730955, 0.8062111801242237, 0.7590301003344482, 0.8388975155279503, 0.821256038647343, 0.8588054457619675, 0.8194616977225673, 0.8426846100759144, 0.863670146278842]"
128,0.001,3,78.26086956521739,"[1.6058993140856426, 1.447391430536906, 1.1465761164824169, 0.8996343910694122, 0.8408726751804352, 0.837160607179006, 0.8466593623161316, 1.320354123910268, 1.068554848432541, 1.0194715559482574, 0.9517943759759268, 1.0257944961388905, 0.9122685194015503, 0.7582874397436777, 0.6597082118193308, 0.6738694508870443, 0.5379143009583155, 0.521528755625089, 0.40916188557942706, 0.45078785717487335]","[20.994475138121548, 49.72375690607735, 57.4585635359116, 67.95580110497238, 70.1657458563536, 67.95580110497238, 69.61325966850829, 44.19889502762431, 55.248618784530386, 54.69613259668508, 62.430939226519335, 61.32596685082873, 64.64088397790056, 76.79558011049724, 74.58563535911603, 75.13812154696133, 81.76795580110497, 84.5303867403315, 85.6353591160221, 82.32044198895028]","[0.21987577639751552, 0.39055472263868063, 0.6067193675889327, 0.6204278812974465, 0.7185206098249577, 0.638628762541806, 0.5826086956521739, 0.5436872909698997, 0.6312629399585922, 0.5836438923395445, 0.529399585921325, 0.6874767744332962, 0.7381815044858522, 0.7195994223168135, 0.6893975589627763, 0.7905797101449276, 0.7704451345755693, 0.7425678186547752, 0.8279821627647713, 0.7980570154483198]"
128,0.0001,2,76.08695652173913,"[1.6067441701889038, 1.5949175159136455, 1.5868547558784485, 1.5782354076703389, 1.5654831727345784, 1.5536350806554158, 1.5417491992314656, 1.518024245897929, 1.4899911880493164, 1.4553786913553874, 1.394704004128774, 1.3101850748062134, 1.1906615495681763, 1.0781151254971821, 0.9608656267325083, 0.8665857414404551, 0.7892219523588816, 0.7305972973505656, 0.6712802598873774, 0.6471954882144928]","[24.30939226519337, 40.331491712707184, 38.67403314917127, 39.226519337016576, 40.331491712707184, 43.0939226519337, 45.85635359116022, 55.80110497237569, 58.011049723756905, 59.11602209944751, 59.668508287292816, 59.668508287292816, 60.773480662983424, 62.430939226519335, 66.29834254143647, 69.06077348066299, 72.37569060773481, 72.92817679558011, 76.79558011049724, 74.58563535911603]","[0.2584372149589541, 0.18873517786561264, 0.1872463768115942, 0.18896321070234112, 0.1992753623188406, 0.4585346215780998, 0.4587456910930724, 0.4137336093857833, 0.4081075404326822, 0.38509316770186336, 0.4040741866828823, 0.42509621385479507, 0.5104134995439342, 0.57324016563147, 0.5677536231884058, 0.6334541062801933, 0.6432046214654911, 0.6485507246376812, 0.7948585231193926, 0.7707357859531774]"
128,0.0001,3,82.6086956521739,"[1.604002594947815, 1.5983301202456157, 1.594336251417796, 1.58692600329717, 1.5785778363545735, 1.5704310139020283, 1.5607899030049641, 1.5340283711751301, 1.4980183045069377, 1.4397064447402954, 1.3547931512196858, 1.2337364951769512, 1.0782173077265422, 0.9568323890368143, 0.8532434503237406, 0.7708950539429983, 0.7566580772399902, 0.6778422246376673, 0.6101510922114054, 0.5520694355169932]","[21.54696132596685, 21.54696132596685, 25.96685082872928, 40.331491712707184, 50.828729281767956, 59.668508287292816, 61.32596685082873, 60.22099447513812, 55.248618784530386, 53.03867403314917, 53.591160220994475, 54.69613259668508, 61.87845303867403, 63.53591160220994, 66.29834254143647, 66.85082872928177, 67.40331491712708, 74.03314917127072, 83.97790055248619, 86.74033149171271]","[0.04725897920604915, 0.04725897920604915, 0.3138918345705196, 0.375098814229249, 0.410622944830106, 0.42274844720496896, 0.40898583513673026, 0.3949275362318841, 0.3453416149068323, 0.3807316404822799, 0.4222689075630252, 0.4416475972540046, 0.43987365291713115, 0.517391304347826, 0.517391304347826, 0.517391304347826, 0.613095238095238, 0.7968227424749164, 0.8566053511705686, 0.8421125975473802]"
256,0.01,2,69.56521739130434,"[1.7251044710477192, 1.5824084281921387, 1.5868346492449443, 1.4402422308921814, 1.3609660665194194, 1.1806996862093608, 0.9935796956221262, 1.05883984764417, 1.1181483169396718, 0.9559582670529684, 0.9078076084454855, 0.7830316424369812, 0.8219843804836273, 0.6116767177979151, 0.5853417764107386, 0.8870161672433218, 0.8667919139067332, 0.7026696602503458, 0.5923463453849157, 0.536932905515035]","[26.519337016574585, 23.204419889502763, 39.77900552486188, 43.0939226519337, 42.5414364640884, 53.591160220994475, 62.98342541436464, 63.53591160220994, 51.38121546961326, 66.29834254143647, 62.98342541436464, 71.2707182320442, 71.8232044198895, 76.24309392265194, 82.32044198895028, 65.74585635359117, 62.430939226519335, 72.37569060773481, 79.00552486187846, 80.66298342541437]","[0.4690016103059581, 0.23545150501672243, 0.27785326086956524, 0.3695652173913043, 0.5254046677959722, 0.6895703933747412, 0.6498274672187716, 0.8058823529411765, 0.7282794500185805, 0.5804951690821256, 0.7744565217391305, 0.8327246247642668, 0.7321229495142537, 0.813664596273292, 0.7803312629399585, 0.4992753623188406, 0.7726017943409249, 0.8472990777338604, 0.7861024844720497, 0.727621483375959]"
256,0.01,3,43.47826086956522,"[1.9608450333277385, 1.6198100248972576, 1.5957441727320354, 1.59060400724411, 1.569643537203471, 1.535099724928538, 1.5321247975031536, 1.5196778972943623, 1.543116569519043, 1.4522283871968586, 1.4271613558133442, 1.3670992453893025, 1.3058925072352092, 1.2961033185323079, 1.3045438130696614, 1.3411653836568196, 1.4201957782109578, 1.3175894618034363, 1.3808520634969075, 1.311591903368632]","[20.441988950276244, 23.204419889502763, 22.65193370165746, 25.414364640883978, 25.414364640883978, 30.386740331491712, 33.70165745856354, 33.149171270718234, 30.939226519337016, 37.569060773480665, 38.12154696132597, 41.988950276243095, 41.988950276243095, 41.988950276243095, 38.12154696132597, 38.12154696132597, 34.25414364640884, 42.5414364640884, 37.569060773480665, 38.12154696132597]","[0.023156899810964086, 0.057183364839319475, 0.06805293005671077, 0.06805293005671077, 0.06805293005671077, 0.20557368374636215, 0.3138918345705196, 0.21632375776397517, 0.32349896480331264, 0.29506374632232757, 0.32502651113467657, 0.2739913826870349, 0.24903381642512074, 0.25378244943462336, 0.2560386473429952, 0.3272946859903382, 0.23854289071680376, 0.32502651113467657, 0.32684706597750074, 0.29260869565217396]"
256,0.001,2,63.04347826086956,"[1.5468380451202393, 1.184030403693517, 0.954350084066391, 0.8575488328933716, 0.6485874652862549, 0.5094611793756485, 0.5403497318426768, 0.5359139119585355, 0.6237548738718033, 0.42680707077185315, 0.4557836403449376, 0.3392100508014361, 0.8152592827876409, 1.3081751465797424, 0.9135390569766363, 0.6847843726476034, 0.5971070577700933, 0.4975690543651581, 0.5883579899867376, 1.1892475883165996]","[34.806629834254146, 58.56353591160221, 64.64088397790056, 67.40331491712708, 77.34806629834254, 81.76795580110497, 81.21546961325967, 82.32044198895028, 77.90055248618785, 82.87292817679558, 86.1878453038674, 88.95027624309392, 75.69060773480663, 55.80110497237569, 64.08839779005525, 72.92817679558011, 75.13812154696133, 78.45303867403315, 77.34806629834254, 53.591160220994475]","[0.3815170336909467, 0.6162055335968379, 0.6369927536231884, 0.7595621769534814, 0.8514746123441775, 0.7891304347826086, 0.8813823857302118, 0.8078839638622246, 0.8386387163561075, 0.8543478260869565, 0.8579545454545455, 0.8463396506874767, 0.655072463768116, 0.5583286278938452, 0.6024475524475524, 0.8010697032436163, 0.7239130434782608, 0.6740777338603425, 0.7114906832298137, 0.751358695652174]"
256,0.001,3,78.26086956521739,"[1.5772530635197957, 1.2859846750895183, 0.9000820815563202, 0.7892530759175619, 1.1689841548601787, 1.0097172955671947, 0.8450137674808502, 0.7274766465028127, 0.6928180456161499, 0.591359610358874, 0.6140570094188055, 0.7299816409746805, 0.6185879011948904, 0.5487810969352722, 0.47441521286964417, 0.3713713809847832, 0.403742050131162, 0.36856624235709506, 0.4592251380284627, 0.4230211426814397]","[28.7292817679558, 49.72375690607735, 67.95580110497238, 74.03314917127072, 66.85082872928177, 58.011049723756905, 71.2707182320442, 78.45303867403315, 76.79558011049724, 79.55801104972376, 77.90055248618785, 72.92817679558011, 76.79558011049724, 79.00552486187846, 82.32044198895028, 86.1878453038674, 85.0828729281768, 85.6353591160221, 83.42541436464089, 83.42541436464089]","[0.39123964803312633, 0.5519323671497584, 0.5737876254180602, 0.7733695652173914, 0.7316770186335404, 0.8012331553521485, 0.6126482213438734, 0.7638187899057465, 0.6309921962095875, 0.8204874835309618, 0.6912447455925717, 0.7351588628762542, 0.7467239530858457, 0.7949414715719064, 0.8240484153527632, 0.8386473429951692, 0.8482495765104462, 0.8386473429951692, 0.8232323232323232, 0.8638318203535595]"
256,0.0001,2,80.43478260869566,"[1.6033196846644084, 1.5839183926582336, 1.564266284306844, 1.544922451178233, 1.5161399046579997, 1.4661462505658467, 1.392695387204488, 1.3043226202329, 1.105988472700119, 0.9240824480851492, 0.7949521243572235, 0.6873873621225357, 0.6194157550732294, 0.53885218501091, 0.4902604917685191, 0.5673770556847254, 0.6421543508768082, 0.7223560313383738, 0.5843010346094767, 0.5103409588336945]","[27.624309392265193, 32.04419889502763, 41.988950276243095, 48.61878453038674, 51.93370165745856, 52.48618784530387, 55.80110497237569, 57.4585635359116, 58.011049723756905, 61.32596685082873, 66.29834254143647, 71.2707182320442, 75.13812154696133, 84.5303867403315, 85.0828729281768, 81.76795580110497, 79.00552486187846, 75.13812154696133, 77.90055248618785, 85.0828729281768]","[0.29374337221633084, 0.3919437340153453, 0.42498998196754156, 0.4011857707509881, 0.4142292490118577, 0.41658703615225356, 0.41304347826086957, 0.406911928651059, 0.43219461697722567, 0.6091357155430382, 0.6847826086956522, 0.7968227424749164, 0.813664596273292, 0.8181159420289855, 0.8463830855135204, 0.8293807641633728, 0.555672268907563, 0.7514665286404416, 0.794874207917686, 0.834211682037769]"
256,0.0001,3,78.26086956521739,"[1.6025143663088481, 1.593333860238393, 1.586008071899414, 1.5707158247629802, 1.5562399625778198, 1.5140256881713867, 1.4290093183517456, 1.2666462461153667, 1.1099345485369365, 0.935277650753657, 0.8728378117084503, 0.850599855184555, 0.7191314796606699, 0.64286536971728, 0.6278636455535889, 0.5657450159390768, 0.5007620006799698, 0.4497203081846237, 0.43335355321566266, 0.38511359691619873]","[21.54696132596685, 32.59668508287293, 35.91160220994475, 38.67403314917127, 41.988950276243095, 44.19889502762431, 48.61878453038674, 55.248618784530386, 57.4585635359116, 61.32596685082873, 63.53591160220994, 66.29834254143647, 71.8232044198895, 75.69060773480663, 73.48066298342542, 82.32044198895028, 82.87292817679558, 84.5303867403315, 85.0828729281768, 85.6353591160221]","[0.3119312436804853, 0.31548250265111344, 0.26172768878718533, 0.24161490683229814, 0.22047799629596967, 0.43094629156010233, 0.4451086956521739, 0.4131231087752827, 0.4574351479722324, 0.4405425492382014, 0.5901562205910033, 0.5873745819397993, 0.5883773799374822, 0.6615612648221344, 0.8206521739130435, 0.7925999121651295, 0.7751765143069491, 0.7925999121651295, 0.8227657004830917, 0.7789855072463768]"
512,0.01,2,41.30434782608695,"[2.218869129816691, 1.6113775769869487, 1.628188669681549, 1.620340645313263, 1.6304463545481365, 1.611043651898702, 1.599606196085612, 1.578268587589264, 1.5795259475708008, 1.5508538285891216, 1.4872132142384846, 1.4276429017384846, 1.3803871273994446, 1.3877671559651692, 1.383644958337148, 1.3347462018330891, 1.3515438437461853, 1.2994173765182495, 1.360366423924764, 1.3044617374738057]","[21.54696132596685, 22.099447513812155, 25.414364640883978, 17.679558011049725, 25.414364640883978, 18.784530386740332, 19.88950276243094, 27.07182320441989, 28.7292817679558, 32.59668508287293, 41.988950276243095, 37.01657458563536, 42.5414364640884, 40.331491712707184, 38.12154696132597, 42.5414364640884, 43.646408839779006, 38.67403314917127, 43.0939226519337, 43.0939226519337]","[0.057183364839319475, 0.06805293005671077, 0.057183364839319475, 0.06805293005671077, 0.057183364839319475, 0.04725897920604915, 0.06805293005671077, 0.06805293005671077, 0.04725897920604915, 0.23299888517279824, 0.2530657748049052, 0.3138918345705196, 0.32502651113467657, 0.3319623971797885, 0.244824016563147, 0.244824016563147, 0.3272946859903382, 0.4172266139657444, 0.24007561436672967, 0.2599574338704774]"
512,0.01,3,26.08695652173913,"[2.2565969427426658, 1.674103061358134, 1.5935526092847188, 1.6094616254170735, 1.6012374758720398, 1.5924111406008403, 1.5933182835578918, 1.5919012029965718, 1.5888160268465679, 1.6000336209932964, 1.5937551061312358, 1.5945235689481099, 1.599311073621114, 1.5907009641329448, 1.5978672901789348, 1.5934126377105713, 1.597498635450999, 1.6010618408521016, 1.6049041946729024, 1.5977034171422322]","[24.30939226519337, 18.23204419889503, 25.414364640883978, 25.414364640883978, 17.12707182320442, 20.994475138121548, 25.414364640883978, 25.414364640883978, 23.204419889502763, 25.414364640883978, 25.414364640883978, 25.414364640883978, 25.414364640883978, 19.337016574585636, 22.65193370165746, 22.099447513812155, 19.337016574585636, 22.65193370165746, 23.204419889502763, 20.994475138121548]","[0.023156899810964086, 0.04725897920604915, 0.06805293005671077, 0.06805293005671077, 0.057183364839319475, 0.06805293005671077, 0.06805293005671077, 0.06805293005671077, 0.06805293005671077, 0.06805293005671077, 0.06805293005671077, 0.06805293005671077, 0.06805293005671077, 0.057183364839319475, 0.06805293005671077, 0.057183364839319475, 0.06805293005671077, 0.29305477131564084, 0.057183364839319475, 0.06805293005671077]"
512,0.001,2,82.6086956521739,"[1.5742620627085369, 1.2755833466847737, 1.0457767844200134, 0.7785476942857107, 0.6984889854987463, 0.5608714719613394, 0.5460129628578821, 0.7380346407492956, 0.636046975851059, 0.6497530390818914, 0.505883976817131, 0.48308561245600384, 0.5168101961414019, 0.37882918616135913, 0.36600323021411896, 0.3153458784023921, 0.29021215935548145, 0.22140619034568468, 0.30619852741559345, 0.26584215958913165]","[25.414364640883978, 46.408839779005525, 61.87845303867403, 67.95580110497238, 74.03314917127072, 80.66298342541437, 79.55801104972376, 73.48066298342542, 77.34806629834254, 76.79558011049724, 83.42541436464089, 83.97790055248619, 82.32044198895028, 86.74033149171271, 84.5303867403315, 88.95027624309392, 88.39779005524862, 88.95027624309392, 88.39779005524862, 91.71270718232044]","[0.285236502627807, 0.6054706163401816, 0.5428701733049559, 0.6972399581095234, 0.7803312629399585, 0.6624607276781189, 0.7356670929241262, 0.8043478260869565, 0.741243961352657, 0.7732521102086318, 0.8434782608695651, 0.7783816425120773, 0.8297101449275361, 0.8237812911725955, 0.8271739130434782, 0.8361024844720497, 0.8706521739130434, 0.8636991028295375, 0.8536231884057971, 0.8250836120401338]"
512,0.001,3,58.69565217391305,"[1.5773576498031616, 1.1734491288661957, 1.079563746849696, 1.0212115248044331, 0.8577097753683726, 0.8279751439889272, 0.6592522660891215, 0.568650409579277, 0.5424487690130869, 0.5506285230318705, 0.5592736651500066, 0.535226451853911, 0.48641566932201385, 0.4258489857117335, 0.529576146354278, 0.5402509421110153, 0.565656249721845, 0.4118903229633967, 0.3708968808253606, 1.343829760948817]","[30.939226519337016, 53.591160220994475, 56.9060773480663, 59.11602209944751, 67.40331491712708, 67.95580110497238, 79.55801104972376, 80.11049723756906, 82.87292817679558, 81.76795580110497, 80.11049723756906, 82.32044198895028, 81.76795580110497, 83.42541436464089, 84.5303867403315, 79.55801104972376, 78.45303867403315, 87.29281767955801, 87.84530386740332, 68.50828729281768]","[0.4913419913419913, 0.45681256361785666, 0.49145962732919257, 0.572557876905703, 0.6648393194706994, 0.7619400527009222, 0.7972408026755852, 0.8016304347826086, 0.7446488294314382, 0.8822463768115942, 0.7479296066252588, 0.8293807641633728, 0.8722826086956522, 0.8706521739130434, 0.7511293054771315, 0.773913043478261, 0.811013563730955, 0.8332357859531774, 0.7913647342995169, 0.5843366778149387]"
512,0.0001,2,76.08695652173913,"[1.5981759826342266, 1.5677048961321514, 1.5313063462575276, 1.4799224336942036, 1.380920648574829, 1.1926499803860982, 0.9638074338436127, 0.8237856229146322, 0.6861517330010732, 0.6383802990118662, 0.6366915802160898, 0.5172955791155497, 0.4983285268147786, 0.4832857350508372, 0.4104660749435425, 0.33390528460343677, 0.3322359398007393, 0.47636423508326214, 0.436221727480491, 0.2996977816025416]","[33.149171270718234, 41.43646408839779, 51.38121546961326, 52.48618784530387, 53.03867403314917, 54.14364640883978, 60.22099447513812, 71.2707182320442, 72.92817679558011, 76.79558011049724, 76.24309392265194, 81.76795580110497, 82.87292817679558, 85.0828729281768, 85.0828729281768, 90.05524861878453, 90.05524861878453, 82.32044198895028, 83.42541436464089, 88.95027624309392]","[0.22379658385093168, 0.4115481941568898, 0.4092975793743058, 0.40943966519414093, 0.4247364953886693, 0.3784937888198758, 0.5116459627329192, 0.6338721664808622, 0.6070234113712375, 0.7638187899057465, 0.7696488294314381, 0.8260869565217391, 0.7486860965121834, 0.8473429951690821, 0.8473429951690821, 0.81465744400527, 0.8079355427181514, 0.8656126482213438, 0.857985613420396, 0.7789855072463768]"
512,0.0001,3,78.26086956521739,"[1.60800439119339, 1.592965265115102, 1.565146525700887, 1.5264706412951152, 1.4146075050036113, 1.2021862268447876, 0.968876709540685, 0.9153372943401337, 0.8117100497086843, 0.6805567741394043, 0.7714132865269979, 0.6684229969978333, 0.652239054441452, 0.5004742443561554, 0.583360622326533, 0.4557580202817917, 0.4070316304763158, 0.3302508518099785, 0.3019060517350833, 0.3804069596032302]","[22.099447513812155, 39.226519337016576, 55.80110497237569, 44.19889502762431, 43.646408839779006, 53.591160220994475, 58.011049723756905, 58.011049723756905, 64.08839779005525, 77.90055248618785, 77.90055248618785, 74.58563535911603, 78.45303867403315, 81.21546961325967, 80.66298342541437, 84.5303867403315, 86.74033149171271, 89.50276243093923, 90.05524861878453, 88.95027624309392]","[0.26071030418856506, 0.32220026350461134, 0.40341367777649634, 0.2577639751552795, 0.397809364548495, 0.40670289855072467, 0.5544295521412227, 0.7606107660455487, 0.6085284280936455, 0.7335322534811025, 0.6923342358124966, 0.8321256038647343, 0.8119522989088207, 0.794035674470457, 0.7839878720313503, 0.7860593512767425, 0.8274672187715666, 0.856159420289855, 0.8297101449275361, 0.8398550724637681]"
128,0.01,1,71.73913043478261,"[1.510055919488271, 1.2387349406878154, 1.027952512105306, 0.9345151980717977, 0.7560487786928812, 0.7105648070573807, 0.5390638311704, 0.5068175395329794, 0.4430025468269984, 0.7556339353322983, 0.8193981945514679, 0.6597946981588999, 0.5192198952039083, 0.461880882581075, 0.6036122788985571, 0.4979356676340103, 0.4018445387482643, 0.5015176932017008, 0.4553717051943143, 0.5833640595277151]","[32.04419889502763, 50.27624309392265, 61.32596685082873, 67.40331491712708, 71.2707182320442, 71.8232044198895, 83.42541436464089, 82.87292817679558, 86.1878453038674, 75.69060773480663, 65.74585635359117, 77.90055248618785, 82.87292817679558, 83.42541436464089, 80.66298342541437, 83.42541436464089, 88.95027624309392, 81.21546961325967, 84.5303867403315, 79.00552486187846]","[0.2782608695652174, 0.6559696342305038, 0.7422360248447204, 0.6827809871288132, 0.6471571906354515, 0.7782608695652173, 0.7587792642140468, 0.8195652173913044, 0.7939082656473961, 0.628922495274102, 0.6502329192546583, 0.8086956521739131, 0.7986111111111112, 0.8040547616634572, 0.7472826086956522, 0.7739966555183946, 0.8354700854700855, 0.7372859025032937, 0.8510540184453228, 0.7107919254658386]"
128,0.001,1,84.78260869565217,"[1.5512147148450215, 1.3448417782783508, 1.0355949600537617, 0.7990684707959493, 0.5706986337900162, 0.631706232825915, 0.9461630483468374, 0.7309182534615198, 0.7148743768533071, 0.7148180802663168, 0.5978883653879166, 0.6145247370004654, 0.919946958621343, 0.9364204406738281, 0.6113101343313853, 0.6748457650343577, 0.540700688958168, 0.47468337913354236, 0.38336384296417236, 0.3185603767633438]","[35.35911602209945, 58.56353591160221, 67.40331491712708, 74.03314917127072, 82.32044198895028, 80.66298342541437, 67.95580110497238, 71.8232044198895, 71.8232044198895, 80.11049723756906, 78.45303867403315, 80.11049723756906, 58.011049723756905, 67.40331491712708, 80.66298342541437, 77.34806629834254, 82.32044198895028, 87.29281767955801, 88.39779005524862, 91.16022099447514]","[0.3285135916714864, 0.6340579710144928, 0.6621376811594203, 0.7889665286404417, 0.810658423701902, 0.7687134725178203, 0.8150636802810716, 0.5942028985507246, 0.658695652173913, 0.8293783511174816, 0.7887351778656126, 0.8152173913043478, 0.40546772068511194, 0.7774327122153208, 0.7532279314888011, 0.7536231884057972, 0.8333850931677019, 0.8434782608695651, 0.8597826086956522, 0.8647342995169083]"
128,0.0001,1,69.56521739130434,"[1.61760280529658, 1.5981602867444356, 1.57968008518219, 1.560699502627055, 1.5415269533793132, 1.5219165086746216, 1.506599247455597, 1.482380986213684, 1.4530527591705322, 1.4250648816426594, 1.3902567823727925, 1.3432590166727703, 1.3004795908927917, 1.2461187640825908, 1.1663837830225627, 1.0748334924379985, 0.9842143654823303, 0.9205949803193411, 0.9321103890736898, 0.8667676548163096]","[16.574585635359117, 19.88950276243094, 24.30939226519337, 35.35911602209945, 47.51381215469613, 54.14364640883978, 58.011049723756905, 60.22099447513812, 59.668508287292816, 59.11602209944751, 59.11602209944751, 59.11602209944751, 60.22099447513812, 64.08839779005525, 65.74585635359117, 67.40331491712708, 69.06077348066299, 72.37569060773481, 65.19337016574586, 64.08839779005525]","[0.15519323671497584, 0.1162359996472352, 0.1533385093167702, 0.4608695652173913, 0.4673913043478261, 0.39316770186335404, 0.4114906832298137, 0.42167011732229126, 0.43806561085972856, 0.44091415830546266, 0.4359472049689441, 0.43790576431241396, 0.5204849498327759, 0.5033491657532577, 0.5204849498327759, 0.5648590539894888, 0.5275919732441472, 0.604714126453257, 0.7437888198757764, 0.7783351913786696]"
256,0.01,1,67.3913043478261,"[1.6570783654848735, 1.2969020009040833, 1.0042719145615895, 0.8646876116593679, 0.6860871563355128, 0.6870901038249334, 0.74881312251091, 0.6791902383168539, 0.512657900651296, 0.7995134145021439, 1.0621662040551503, 1.016353189945221, 1.2355393568674724, 0.9490174253781637, 0.8402824699878693, 0.7198468148708344, 0.6713053484757742, 1.2283049424489338, 1.09391846259435, 0.9175321757793427]","[31.49171270718232, 53.03867403314917, 64.64088397790056, 71.8232044198895, 75.13812154696133, 72.37569060773481, 74.58563535911603, 73.48066298342542, 83.42541436464089, 75.69060773480663, 58.011049723756905, 62.98342541436464, 49.72375690607735, 61.32596685082873, 68.50828729281768, 75.13812154696133, 74.58563535911603, 60.22099447513812, 60.773480662983424, 64.08839779005525]","[0.40993788819875776, 0.4254658385093168, 0.7142512077294686, 0.8555369751021924, 0.6260551043159738, 0.7619382535622945, 0.7560386473429952, 0.8531215161649943, 0.6415323806628155, 0.5746596398770312, 0.7318414322250639, 0.5202898550724637, 0.49838709677419357, 0.7504740111147433, 0.7872200263504613, 0.7384246188594014, 0.8019323671497584, 0.4523411371237458, 0.677536231884058, 0.7629598662207357]"
256,0.001,1,67.3913043478261,"[1.5349616010983784, 1.2353861431280773, 0.846472442150116, 0.8274475534756979, 1.062266210714976, 0.7731094459692637, 0.7660234272480011, 0.7924230794111887, 0.6082955251137415, 0.5124179298679034, 0.5106397320826849, 0.5668517326315244, 0.7556549261013666, 0.5211237072944641, 0.49763489762942, 0.42382470269997913, 0.34858259558677673, 0.8325722912947336, 0.8954552511374155, 0.6521334846814474]","[25.96685082872928, 57.4585635359116, 67.95580110497238, 72.37569060773481, 53.03867403314917, 74.03314917127072, 72.92817679558011, 67.40331491712708, 82.32044198895028, 77.34806629834254, 82.87292817679558, 81.21546961325967, 70.1657458563536, 77.34806629834254, 80.66298342541437, 86.1878453038674, 90.60773480662984, 75.13812154696133, 64.64088397790056, 77.34806629834254]","[0.39603024574669193, 0.5045255256252699, 0.7002280328367284, 0.6887959866220735, 0.6191425120772946, 0.6638627073409682, 0.755720823798627, 0.8285902503293808, 0.7474266072092159, 0.8187111801242236, 0.8166925465838508, 0.8293807641633728, 0.845108695652174, 0.8489409141583054, 0.8226802183323921, 0.8297101449275361, 0.8726284584980237, 0.6979107848673066, 0.7496706192358367, 0.7373188405797102]"
256,0.0001,1,76.08695652173913,"[1.5834828813870747, 1.5599010785420735, 1.5322703123092651, 1.5136238535245259, 1.4835305611292522, 1.4505166212717693, 1.4189043045043945, 1.372142771879832, 1.2942277987798054, 1.2058923840522766, 1.070652147134145, 0.9275511900583903, 0.7977888087431589, 0.6934165358543396, 0.6127482106288274, 0.5406730324029922, 0.5122989664475123, 0.5051616728305817, 0.48197664817174274, 0.5910475899775823]","[28.176795580110497, 34.806629834254146, 50.828729281767956, 54.14364640883978, 56.353591160220994, 56.353591160220994, 56.353591160220994, 55.248618784530386, 56.353591160220994, 58.56353591160221, 64.64088397790056, 68.50828729281768, 70.1657458563536, 74.03314917127072, 80.11049723756906, 83.42541436464089, 86.1878453038674, 88.39779005524862, 87.29281767955801, 81.76795580110497]","[0.32349896480331264, 0.40603736593241846, 0.36611809184921607, 0.39631093544137025, 0.3768115942028986, 0.39464882943143814, 0.3981693363844394, 0.409546974764366, 0.5837114051669817, 0.5141113653699467, 0.5635451505016722, 0.5343526039178214, 0.5449912406434144, 0.8494983277591972, 0.8639910813823858, 0.8405797101449275, 0.8619565217391305, 0.8641304347826086, 0.8058110367892977, 0.6715415019762846]"
512,0.01,1,80.43478260869566,"[2.0640835960706077, 1.5039668877919514, 1.1746943195660908, 0.9394094447294871, 0.9417738417784373, 1.298734446366628, 1.0631677409013112, 0.8474669754505157, 0.7262203296025594, 0.6811332404613495, 0.5617469102144241, 0.47786631683508557, 0.4460190683603287, 0.5400635898113251, 0.4371746281782786, 0.3963565453886986, 0.4380560865004857, 0.5634992693861326, 0.4060576905806859, 0.37946707010269165]","[24.30939226519337, 33.70165745856354, 57.4585635359116, 62.98342541436464, 65.74585635359117, 58.56353591160221, 50.828729281767956, 71.2707182320442, 75.13812154696133, 72.92817679558011, 80.11049723756906, 85.6353591160221, 82.87292817679558, 79.00552486187846, 85.6353591160221, 86.74033149171271, 82.87292817679558, 77.90055248618785, 85.0828729281768, 87.84530386740332]","[0.23478260869565218, 0.47559676044330773, 0.593167701863354, 0.767391304347826, 0.7131287297527706, 0.6383082497212932, 0.5582729468599034, 0.8108695652173913, 0.7364988558352402, 0.8286561264822134, 0.8206521739130435, 0.8361024844720497, 0.8729096989966555, 0.7762092979484284, 0.8434782608695651, 0.8115942028985508, 0.7854660258752331, 0.8362318840579711, 0.8641821946169772, 0.8187111801242236]"
512,0.001,1,80.43478260869566,"[1.5075832804044087, 1.1426730652650197, 0.9566606183846792, 1.4849070310592651, 1.092580407857895, 0.9702915747960409, 0.9438222348690033, 0.9420545895894369, 0.7496949732303619, 0.8258923441171646, 0.8678513715664545, 0.8206099371115366, 0.6722772518793741, 0.5757850507895151, 0.8999495953321457, 1.154745082060496, 0.8157219787438711, 0.7104845643043518, 0.5763363440831503, 0.4688487450281779]","[29.281767955801104, 59.11602209944751, 67.40331491712708, 53.591160220994475, 59.11602209944751, 64.64088397790056, 61.32596685082873, 61.32596685082873, 69.06077348066299, 74.03314917127072, 67.95580110497238, 71.8232044198895, 78.45303867403315, 78.45303867403315, 73.48066298342542, 58.011049723756905, 74.03314917127072, 76.24309392265194, 76.79558011049724, 83.42541436464089]","[0.4209292412617221, 0.5819875776397515, 0.6235883681535855, 0.5267080745341615, 0.6524562394127611, 0.6004140786749482, 0.7657004830917874, 0.7120160636464985, 0.6277777777777779, 0.7541062801932368, 0.7529761904761905, 0.7205267558528428, 0.741304347826087, 0.7465140535792709, 0.5315734989648032, 0.8412245611734103, 0.7804951690821256, 0.6849684132292828, 0.7638187899057465, 0.8366545893719808]"
512,0.0001,1,84.78260869565217,"[1.5919765035311382, 1.5498574177424114, 1.5087531606356304, 1.4701119661331177, 1.4082473317782085, 1.324707309405009, 1.2009161512056987, 1.0162025292714436, 0.8393266201019287, 0.7510234912236532, 0.7378324667612711, 0.6413447658220927, 0.6448251704374949, 0.7027232398589452, 0.6497304091850916, 0.5665445725123087, 0.6171629130840302, 0.5118415604035059, 0.45290114482243854, 0.41295242806275684]","[35.35911602209945, 50.828729281767956, 53.591160220994475, 52.48618784530387, 55.248618784530386, 58.011049723756905, 58.56353591160221, 60.773480662983424, 66.29834254143647, 68.50828729281768, 70.7182320441989, 73.48066298342542, 77.34806629834254, 75.69060773480663, 77.90055248618785, 81.76795580110497, 82.87292817679558, 83.42541436464089, 83.97790055248619, 87.29281767955801]","[0.4552954292084727, 0.38410502540937325, 0.4092975793743058, 0.4048089591567852, 0.39435335831216833, 0.40670289855072467, 0.5511060259344012, 0.6002922908293753, 0.5239767478897914, 0.6279872301611432, 0.6352006688963211, 0.7602657004830917, 0.766722408026756, 0.652251552795031, 0.7549689440993789, 0.8451690821256039, 0.8250836120401338, 0.8027950310559007, 0.8504140786749482, 0.8536231884057971]"
